file,baseline,homogeneous_blur,gaussian_blur,median_blur,bilateral_filtering,adaptive_threshold,simple_threshold,otsu_threshold,triangle_threshold,erosion,dilation,opening,closing,morphological_gradient,top_hat,black_hat
PT-PNA-DGFP-0001-002-0014-00008_m0001,63.64,63.64,43.48,29.01,60.92,49.2,44.69,54.44,46.84,63.64,0.0,60.92,63.64,46.51,62.43,60.57
PT-PNA-DGFP-0001-002-0014-00048_m0001,43.98,43.98,17.32,20.74,52.97,51.34,54.17,45.92,26.76,43.98,0.0,49.2,43.98,32.29,53.19,52.69
PT-PNA-DGFP-0002-0001-00032-00002_m0001,62.07,62.07,51.35,57.14,51.52,48.98,8.6,64.83,62.07,62.07,0.0,57.93,62.07,29.73,49.32,54.05
PT-PNA-DGFP-0002-0001-00088-00002_m0001,59.82,59.82,58.41,58.67,56.89,50.86,53.51,54.39,0.0,59.82,0.0,58.18,59.82,42.24,59.03,57.89
PT-PNA-DGFP-0006-0001-00005-00003_m0001,70.5,70.5,69.93,72.06,73.68,56.21,64.23,64.75,72.06,70.5,0.0,69.06,70.5,13.5,73.68,72.06
PT-PNA-DGFP-0006-0001-00008_m0001,35.85,35.85,2.82,2.74,23.64,53.16,55.94,38.89,2.86,35.85,0.0,45.16,35.85,44.3,49.65,50.33
PT-PNA-DGFP-0006-0001-00030_m0001,3.45,3.45,3.45,3.45,3.45,11.76,13.95,3.45,3.45,3.45,0.0,3.45,3.45,36.84,6.9,38.71
PT-PNA-DGFP-0006-0001-00056_m0001,70.59,70.59,69.7,58.73,71.64,55.9,61.76,57.55,51.61,70.59,0.0,70.59,70.59,36.99,70.59,52.12
PT-PNA-DGFP-0006-0001-00096-00001_m0001,61.02,61.02,62.18,66.09,61.67,58.33,56.67,65.55,62.07,61.02,0.0,63.87,61.02,51.56,58.82,59.02
PT-TT-SNI-DSC-13-10_m0009,57.74,57.74,56.67,55.83,55.37,47.43,51.43,53.33,42.86,57.74,0.0,53.94,57.74,40.5,57.14,60.83
PT-TT-SNI-DSC-13-10_m0012,61.04,61.04,64.08,61.29,64.92,56.95,63.48,63.87,50.0,61.04,0.0,63.33,61.04,54.43,61.04,59.69
PT-TT-SNI-DSC-13-10_m0013,79.45,79.45,79.09,70.75,79.28,75.11,75.8,79.45,66.95,79.45,0.0,75.68,79.45,69.64,79.09,80.37
PT-TT-SNI-DSC-13-10_m0014,50.49,50.49,46.58,29.92,46.73,44.16,41.88,43.4,50.46,50.49,0.0,38.04,50.49,33.73,50.49,50.15
PT-TT-SNI-DSC-13-10_m0015,69.14,69.14,63.41,63.29,65.06,58.46,74.07,61.73,11.32,69.14,0.0,64.37,69.14,60.24,50.67,64.29
PT-TT-SNI-DSC-13-10_m0022,67.96,67.96,68.83,68.17,67.95,62.42,62.86,65.61,50.46,67.96,0.0,61.83,67.96,32.93,68.61,67.52
PT-TT-SNI-DSC-13-10_m0023,58.12,58.12,67.83,64.41,61.54,39.06,45.53,67.24,29.75,58.12,0.0,59.5,58.12,15.04,59.13,63.87
PT-TT-SNI-DSC-13-10_m0063,62.76,62.76,59.92,55.23,60.5,49.18,52.85,58.92,38.6,62.76,0.0,58.58,62.76,36.0,62.76,61.92
PT-TT-SNI-DSC-13-10_m0064,61.44,61.44,62.58,61.74,61.74,61.69,62.8,63.43,56.21,61.44,0.0,63.3,61.44,50.5,61.44,60.45
PT-TT-SNI-DSC-13-10_m0065,80.54,80.54,78.18,79.09,81.28,72.89,77.13,80.72,67.84,80.54,0.0,76.58,80.54,62.01,79.45,78.92
PT-TT-SNI-DSC-13-10_m0070,63.91,63.91,59.65,61.54,61.36,48.68,53.57,58.82,39.05,63.91,0.0,60.0,63.91,24.44,62.72,59.67
PT-TT-SNI-DSC-13-10_m0072,61.74,61.74,58.66,47.15,61.44,44.22,58.12,64.94,31.09,61.74,0.0,62.42,61.74,38.59,61.74,55.42
PT-TT-SNI-DSC-13-10_m0073,73.03,73.03,65.22,57.67,68.11,45.92,64.55,73.45,48.55,73.03,0.0,58.95,73.03,36.54,69.95,62.07
PT-TT-SNI-DSC-13-10_m0074,67.49,67.49,64.44,48.83,69.42,64.54,62.79,68.57,52.03,67.49,0.0,68.31,67.49,57.83,65.29,67.49
PT-TT-SNI-DSC-13-10_m0076,76.01,76.01,76.47,73.72,75.28,76.53,43.64,75.0,25.45,76.01,0.0,72.79,76.01,26.81,74.35,77.94
PT-TT-SNI-DSC-13-10_m0078,61.54,61.54,59.83,54.24,61.54,43.55,48.33,56.67,12.31,61.54,0.0,51.67,61.54,11.11,59.32,58.82
PT-TT-SNI-DSC-13-10_m0111,53.49,53.49,53.71,52.94,53.49,48.09,46.93,53.49,39.77,53.49,0.0,53.42,53.49,41.76,51.76,52.02
PT-TT-SNI-DSC-13-10_m0112,70.42,70.42,68.92,68.59,70.24,64.9,30.43,63.44,10.85,70.42,0.0,64.25,70.42,6.9,70.42,68.8
PT-TT-SNI-DSC-13-10_m0114,64.3,64.3,63.45,63.29,65.82,50.12,21.05,64.14,9.09,64.3,0.0,48.35,64.3,0.7,64.3,59.61
PT-TT-SNI-DSC-13-10_m0116,68.59,68.59,61.49,57.94,68.15,63.98,5.38,66.24,55.26,68.59,0.0,66.67,68.59,52.76,69.03,66.46
PT-TT-SNI-DSC-13-10_m0277,69.5,69.5,68.59,67.14,69.5,64.98,62.36,69.23,38.64,69.5,0.0,67.64,69.5,41.64,69.5,65.4
PT-TT-SNI-DSC-13-10_m0278,71.71,71.71,73.93,71.05,74.1,72.37,68.63,72.37,49.52,71.71,0.0,71.71,71.71,45.16,71.71,71.24
PT-TT-SNI-DSC-13-10_m0279,74.56,74.56,74.56,74.56,74.56,73.36,69.18,74.56,52.81,74.56,0.0,73.17,74.56,42.95,74.56,73.61
PT-TT-SNI-DSC-13-10_m0281,72.33,72.33,72.1,71.47,72.33,72.96,69.18,70.85,53.37,72.33,0.0,71.92,72.33,48.19,72.33,72.33
PT-TT-SNI-DSC-13-10_m0289,60.76,60.76,60.12,60.0,60.38,58.33,49.1,60.38,39.05,60.76,0.0,53.57,60.76,50.6,60.76,56.97
PT-TT-SNI-DSC-13-10_m0291,45.09,45.09,45.83,20.98,46.24,35.41,37.0,44.57,29.85,45.09,0.0,42.55,45.09,24.39,46.51,39.6
PT-TT-SNI-DSC-13-10_m0319,70.59,70.59,69.82,69.82,72.62,57.14,23.12,65.88,19.88,70.59,0.0,66.27,70.59,8.99,72.19,70.93
PT-TT-SNI-DSC-13-10_m0320,47.06,47.06,48.48,51.06,50.85,47.13,54.02,48.04,39.33,47.06,0.0,57.93,47.06,32.79,62.59,51.98
PT-TT-SNI-DSC-13-10_m0321,64.07,64.07,64.07,59.48,63.48,48.51,39.83,62.93,13.91,64.07,0.0,66.96,64.07,6.9,63.2,63.79
PT-TT-SNI-DSC-13-10_m0322,51.65,51.65,44.68,41.72,51.31,43.98,45.16,51.98,34.36,51.65,0.0,50.3,51.65,31.11,48.59,50.87
PT-TT-SNI-DSC-13-10_m0323,53.5,53.5,49.77,39.81,59.03,50.0,16.48,53.5,41.63,53.5,0.0,50.61,53.5,42.26,53.28,51.59
PT-TT-SNI-DSC-13-10_m0372,66.67,66.67,63.3,60.47,66.44,58.75,25.32,57.91,12.78,66.67,0.0,62.84,66.67,10.6,66.67,65.33
PT-TT-SNI-DSC-13-10_m0374,63.59,63.59,62.78,62.78,63.59,54.15,54.24,62.39,30.7,63.59,0.0,60.55,63.59,45.07,63.59,58.97
PT-TT-SNI-DSC-13-10_m0375,57.55,57.55,58.82,60.74,56.43,60.38,59.93,57.04,51.47,57.55,0.0,61.65,57.55,42.81,57.55,57.86
PT-TT-SNI-DSC-13-10_m0376,75.47,75.47,76.23,75.47,75.19,73.68,73.76,75.94,67.88,75.47,0.0,72.73,75.47,54.41,75.47,75.94
PT-TT-SNI-DSC-13-10_m0377,77.13,77.13,77.55,76.87,77.82,75.51,77.82,77.82,62.54,77.13,0.0,76.87,77.13,60.87,77.13,77.82
PT-TT-SNI-DSC-13-10_m0379,75.78,75.78,75.1,76.38,76.38,72.09,72.37,73.93,68.46,75.78,0.0,73.02,75.78,59.0,75.78,71.64
PT-TT-SNI-DSC-13-10_m0380,75.61,75.61,77.3,78.05,76.83,74.39,75.61,74.39,50.0,75.61,0.0,73.94,75.61,51.46,76.83,76.07
PT-TT-SNI-DSC-13-10_m0416,65.52,65.52,62.79,64.74,63.22,63.22,49.43,64.0,18.6,65.52,0.0,62.43,65.52,3.96,63.22,62.43
PT-TT-SNI-DSC-13-10_m0419,66.67,66.67,68.38,63.25,67.24,66.67,55.65,64.41,36.84,66.67,0.0,61.4,66.67,38.66,55.36,63.25
PT-TT-SNI-DSC-13-10_m0420,38.46,38.46,14.74,6.32,42.25,54.19,49.68,36.92,39.74,38.46,0.0,51.61,38.46,40.0,59.21,56.79
PT-TT-SNI-DSC-13-10_m0461,48.25,48.25,49.34,42.42,56.46,54.21,39.82,48.72,39.64,48.25,0.0,51.61,48.25,41.41,53.21,49.34
PT-TT-SNI-DSC-13-10_m0462,62.22,62.22,60.22,60.45,63.2,56.83,2.34,52.9,12.01,62.22,0.0,55.73,62.22,3.07,61.25,60.97
PT-TT-SNI-DSC-13-10_m0484,63.09,63.09,66.45,57.06,61.64,62.26,15.79,61.49,47.84,63.09,0.0,60.19,63.09,45.57,61.35,60.32
PT-TT-SNI-DSC-13-10_m0487,59.09,59.09,56.96,55.52,58.33,53.11,52.98,60.0,39.87,59.09,0.0,57.7,59.09,46.92,59.09,53.25
PT-TT-SNI-DSC-13-10_m0489,37.55,37.55,11.63,13.79,37.55,51.74,0.0,34.16,41.18,37.55,0.0,48.65,37.55,18.79,54.49,55.24
PT-TT-SNI-DSC-13-10_m0491,26.49,26.49,17.78,8.93,28.03,33.15,32.18,23.38,34.25,26.49,0.0,31.06,26.49,26.09,26.49,30.68
PT-TT-SNI-DSC-13-10_m0548,58.58,58.58,57.14,55.97,59.23,58.87,0.0,59.32,46.96,58.58,0.0,56.9,58.58,43.27,58.82,62.01
PT-TT-SNI-DSC-19-13_2_m0003,60.4,60.4,35.77,24.53,60.0,58.11,57.52,59.6,56.38,60.4,0.0,56.55,60.4,40.52,63.58,65.36
PT-TT-SNI-DSC-19-13_3_m0004,53.75,53.75,51.9,48.45,53.5,46.84,52.83,52.5,35.06,53.75,0.0,50.33,53.75,32.53,42.94,46.24
PT-TT-SNI-DSC-24-203_m0007,56.0,56.0,54.62,50.6,57.83,48.16,47.06,52.59,12.81,56.0,0.0,47.66,56.0,20.19,58.27,53.33
PT-TT-SNI-DSC-35-6-9242_m0676,56.34,56.34,53.24,63.7,55.94,52.7,36.49,57.34,43.84,56.34,0.0,51.03,56.34,36.62,56.16,56.94
PT-TT-SNI-DSC-35-8-9363_m0539,24.11,24.11,5.13,1.72,30.0,39.81,38.67,20.83,44.44,24.11,0.0,39.58,24.11,28.18,37.89,29.63
PT-TT-SNI-DSC-35-8-9368_m0548,69.72,69.72,70.19,66.04,69.16,66.98,36.84,68.84,54.95,69.72,0.0,66.05,69.72,45.07,70.75,69.52
PT-TT-SNI-DSC-9-73_m0003,74.92,74.92,72.44,73.55,76.62,68.59,0.0,73.14,35.57,74.92,0.0,71.2,74.92,29.09,73.38,74.19
PT-TT-SNI-DSC-9-73_m0004,71.33,71.33,72.14,73.31,73.94,67.81,0.0,73.87,19.43,71.33,0.0,72.79,71.33,33.44,72.73,72.79
PT-TT-SNI-DSC-9-73_m0006,50.0,50.0,38.3,38.3,38.3,12.0,0.0,25.0,0.0,50.0,0.0,39.13,50.0,11.54,44.0,36.73
PT-TT-SNI-DSC-9-73_m0007,47.3,47.3,52.35,46.67,49.66,39.19,0.0,43.84,31.11,47.3,0.0,43.71,47.3,9.38,46.98,49.01
PT-TT-SNI-DSC-9-73_m0021,73.42,73.42,71.79,70.89,73.42,48.72,0.0,68.35,18.46,73.42,0.0,73.42,73.42,37.65,53.97,69.23
PT-TT-SNI-DSC-9-857_m0002,52.54,52.54,41.03,46.55,62.02,70.23,60.15,46.96,0.0,52.54,0.0,68.38,52.54,54.14,71.21,78.4
PT-TT-SNI-DSC-9-857_m0004,68.92,68.92,68.03,64.9,65.79,68.46,68.06,67.11,49.32,68.92,0.0,66.67,68.92,46.58,63.58,65.36
PT-TT-SNI-DSC-9-857_m0005,71.01,71.01,73.14,73.62,71.24,70.06,67.52,69.71,58.52,71.01,0.0,72.73,71.01,41.36,73.72,73.62
PT-TT-SNI-DSC-9-857_m0006,67.16,67.16,71.21,68.15,69.7,69.17,59.26,66.17,37.31,67.16,0.0,69.17,67.16,39.71,67.16,69.63
PT-TT-SNI-DSC-9-857_m0007,66.67,66.67,67.65,66.18,68.12,61.87,56.93,65.69,36.62,66.67,0.0,64.29,66.67,34.01,62.32,65.69
PT-TT-SNI-DSC-9-857_m0008,72.28,72.28,75.38,73.27,70.59,72.73,0.0,72.0,55.24,72.28,0.0,69.95,72.28,57.0,73.74,72.2
PT-TT-SNI-DSC-9-857_m0009,77.06,77.06,77.78,71.3,73.87,73.21,68.47,77.06,47.79,77.06,0.0,77.48,77.06,49.18,70.0,73.39
PT-TT-SNI-DSC-9-857_m0010,71.34,71.34,72.61,71.34,72.61,67.92,47.5,70.51,27.33,71.34,0.0,71.34,71.34,37.58,72.61,72.61
PT-TT-SNI-DSC-9-857_m0013,58.26,58.26,59.82,60.26,57.39,29.0,51.96,56.14,0.0,58.26,0.0,50.94,58.26,41.95,57.67,56.39
PT-TT-SNI-DSC-9-857_m0021,52.38,52.38,56.69,53.54,57.14,28.35,40.0,44.96,18.9,52.38,0.0,58.27,52.38,12.5,54.4,54.69
PT-TT-SNI-DSC-9-857_m0022,3.7,3.7,2.37,3.26,6.74,50.71,20.69,3.68,53.98,3.7,0.0,2.55,3.7,53.96,21.65,59.15
PT-TT-SNI-DSC-9-857_m0023,38.65,38.65,36.55,27.05,40.63,33.97,39.41,38.51,28.46,38.65,0.0,41.58,38.65,30.34,41.2,42.66
PT-TT-SNI-DSC-9-857_m0024,51.2,51.2,41.48,46.03,49.23,41.13,46.51,43.55,55.67,51.2,0.0,56.41,51.2,50.0,43.2,53.23
PT-TT-SNI-DGE-1-3835_m0004,55.56,55.56,62.96,64.15,59.26,42.62,59.65,55.56,50.91,55.56,0.0,55.56,55.56,24.14,56.6,59.65
PT-TT-SNI-DGE-1-3835_m0005,36.36,36.36,36.36,36.36,36.36,36.36,28.57,36.36,33.33,36.36,0.0,36.36,36.36,0.0,22.22,0.0
PT-TT-SNI-DGE-1-3835_m0006,34.78,34.78,40.0,40.0,39.13,36.36,31.82,38.3,22.64,34.78,0.0,36.36,34.78,8.33,40.0,32.56
PT-TT-SNI-DGE-1-3919_m0007,58.54,58.54,56.45,58.06,58.54,54.84,53.23,54.84,0.0,58.54,0.0,52.46,58.54,32.52,53.91,52.71
PT-TT-SNI-DGE-1-3919_m0008,60.32,60.32,72.41,72.41,59.02,62.3,56.25,61.29,0.0,60.32,0.0,63.33,60.32,39.22,52.0,56.25
PT-TT-SNI-DGE-1-3919_m0118,46.43,46.43,50.0,45.61,39.29,42.31,46.15,45.61,44.9,46.43,0.0,48.0,46.43,22.64,53.06,39.29
PT-TT-SNI-DGE-1-3919_m0119,41.51,41.51,5.88,22.22,36.36,41.38,42.11,36.36,22.22,41.51,0.0,45.61,41.51,36.07,38.46,45.61
PT-TT-SNI-DGE-1-3919_m0120,52.63,52.63,42.11,51.43,35.29,50.0,28.57,48.65,35.29,52.63,0.0,54.05,52.63,29.17,42.11,50.0
PT-TT-SNI-DGE-1-4097_m0001,0.0,0.0,6.67,7.41,0.0,0.0,0.0,0.0,0.0,0.0,0.0,8.0,0.0,0.0,0.0,0.0
PT-TT-SNI-DGE-1-4097_m0002,36.36,36.36,30.0,28.57,40.0,40.0,0.0,38.1,26.09,36.36,0.0,30.0,36.36,0.0,25.0,50.0
PT-TT-SNI-DGE-1-5107_m0002,21.43,21.43,48.48,52.94,21.43,20.69,0.0,21.43,16.0,21.43,0.0,16.0,21.43,16.67,21.43,41.18
PT-TT-SNI-DGE-1-5107_m0003,36.36,36.36,36.36,36.36,36.36,36.36,0.0,36.36,0.0,36.36,0.0,36.36,36.36,11.11,36.36,0.0
PT-TT-SNI-DGE-1-5527_m0005,16.0,16.0,52.94,52.94,21.43,52.94,35.29,16.0,11.43,16.0,0.0,16.0,16.0,12.5,21.43,50.0
PT-TT-SNI-DGE-1-5527_m0006,36.36,36.36,36.36,36.36,36.36,33.33,0.0,36.36,18.18,36.36,0.0,0.0,36.36,0.0,0.0,0.0
PT-TT-SNI-DGE-1-5583_m0002,38.81,38.81,47.37,44.16,46.15,3.45,30.77,34.78,7.14,38.81,0.0,34.92,38.81,8.57,35.29,16.39
PT-TT-SNI-DGE-1-5583_m0003,55.7,55.7,57.14,58.23,55.7,4.65,22.64,55.7,4.26,55.7,0.0,58.23,55.7,4.35,52.78,13.56
PT-TT-SNI-DGE-1-5964_m0003,19.35,19.35,19.35,19.35,19.35,37.84,8.0,19.35,6.45,19.35,0.0,14.29,19.35,11.11,19.35,44.44
PT-TT-SNI-DGE-1-5964_m0004,36.36,36.36,36.36,36.36,36.36,33.33,0.0,36.36,0.0,36.36,0.0,0.0,36.36,0.0,20.0,33.33
PT-TT-SNI-DGE-1-7208_m0004,62.22,62.22,56.3,41.32,62.6,58.16,59.26,61.19,24.81,62.22,0.0,57.58,62.22,29.85,63.7,56.34
PT-TT-SNI-DGE-1-7208_m0005,50.66,50.66,51.35,54.46,52.44,48.67,47.58,54.71,12.24,50.66,0.0,46.85,50.66,13.45,53.98,54.71
PT-TT-SNI-DGE-1-7208_m0012,36.36,36.36,36.36,36.36,36.36,36.36,36.36,36.36,20.0,36.36,0.0,36.36,36.36,0.0,36.36,0.0
PT-TT-SNI-DGE-1-7325_m0001,0.0,0.0,0.0,0.0,0.0,0.0,0.0,0.0,0.0,0.0,0.0,0.0,0.0,0.0,0.0,10.53
PT-TT-SNI-DSC-13-12_m0001,57.14,57.14,60.61,58.82,57.14,54.55,58.82,58.82,42.86,57.14,0.0,46.67,57.14,13.79,60.61,57.14
PT-TT-SNI-DSC-19-81_m0001,6.9,6.9,12.12,14.81,9.09,0.0,0.0,7.41,14.29,6.9,0.0,16.67,6.9,3.92,10.53,17.02
PT-TT-SNI-DSC-24-210_m0001,13.16,13.16,14.71,17.39,10.26,11.76,0.0,16.0,15.0,13.16,0.0,20.22,13.16,9.64,17.2,25.53
PT-TT-SNI-DSC-9-169_m0001,23.91,23.91,30.11,24.0,25.53,19.18,0.0,17.58,9.21,23.91,0.0,16.67,23.91,9.64,13.79,15.25
PT-TT-SNI-DSC-9-24_m0001,37.5,37.5,50.0,50.47,38.02,15.73,0.0,40.32,10.2,37.5,0.0,25.64,37.5,0.0,38.26,35.9
PT-TT-SNI-DSC-9-417_m0002,34.59,34.59,30.89,32.59,37.68,21.57,0.0,27.74,0.0,34.59,0.0,39.13,34.59,5.67,20.8,36.36
PT-TT-SNI-DSC-9-6-1_m0002,36.36,36.36,60.61,56.0,41.44,24.0,0.0,35.51,26.42,36.36,0.0,43.96,36.36,11.03,31.07,37.93
PT-TT-SNI-DSC-9-848_m0000,18.49,18.49,35.09,29.23,25.37,15.87,0.0,16.67,13.84,18.49,0.0,25.32,18.49,1.65,12.12,8.33
PT-TT-SNI-DGE-1-6745_m0006,44.83,44.83,40.0,36.07,48.15,40.82,50.0,37.93,44.83,44.83,0.0,28.07,44.83,3.85,36.0,41.94
PT-TT-SNI-DSC-35-1-2182_m0673,21.43,21.43,25.0,13.79,29.85,40.45,51.22,21.05,51.22,21.43,0.0,32.43,21.43,9.64,44.16,23.73
PT-TT-SNI-DSC-35-1-2191_m0679,64.79,64.79,70.27,56.41,62.16,55.26,28.57,69.44,62.69,64.79,0.0,60.61,64.79,36.36,46.94,65.71
PT-TT-SNI-DSC-35-1-2193_m0681,64.1,64.1,62.79,53.93,61.73,59.26,6.15,63.29,43.59,64.1,0.0,58.33,64.1,21.92,64.1,59.26
PT-TT-SNI-DSC-35-1-2195_m0683,61.11,61.11,66.67,60.95,57.41,50.47,33.96,57.41,36.19,61.11,0.0,58.33,61.11,20.0,60.55,61.68
PT-TT-SNI-DSC-35-1-2219_m0705,65.96,65.96,65.61,56.83,66.32,61.78,55.91,60.73,40.86,65.96,0.0,60.1,65.96,30.11,70.21,71.28
PT-TT-SNI-DSC-35-2-6467_m0002,39.37,39.37,33.33,40.71,37.93,32.43,3.08,41.94,23.91,39.37,0.0,28.0,39.37,6.19,41.03,39.68
PT-TT-SNI-DSC-35-2-6474_m0009,29.63,29.63,25.29,27.27,30.0,22.73,0.0,24.1,22.86,29.63,0.0,16.0,29.63,10.67,29.89,32.91
PT-TT-SNI-DSC-35-2-6488_m0023,22.47,22.47,23.53,24.39,20.83,11.65,0.0,22.22,4.94,22.47,0.0,15.62,22.47,2.82,19.28,20.0
PT-TT-SNI-DSC-35-2-6506_m0039,37.33,37.33,34.88,25.58,38.71,30.23,0.0,31.17,24.0,37.33,0.0,36.59,37.33,23.68,37.5,32.91
PT-TT-SNI-DSC-35-2-6535_m0086,54.76,54.76,58.7,62.22,53.49,61.9,57.83,56.1,63.41,54.76,0.0,60.0,54.76,32.0,57.5,63.64
PT-TT-SNI-DSC-35-2-6550_m0102,45.9,45.9,44.93,40.85,44.62,40.58,0.0,47.54,31.5,45.9,0.0,44.29,45.9,2.13,45.9,46.15
PT-TT-SNI-DSC-35-2-6557_m0043,28.81,28.81,29.63,29.63,36.84,33.85,0.0,36.21,10.0,28.81,0.0,27.12,28.81,7.32,34.48,30.51
PT-TT-SNI-DSC-35-2-6586_m0073,37.11,37.11,35.29,26.09,35.05,26.37,0.0,37.11,17.95,37.11,0.0,28.57,37.11,8.82,34.34,32.65
PT-TT-SNI-DSC-35-2-6622_m0161,45.09,45.09,46.43,49.1,47.34,44.58,2.35,44.57,43.31,45.09,0.0,46.84,45.09,18.29,49.1,50.62
PT-TT-SNI-DSC-35-2-6738_m0277,56.86,56.86,56.19,55.45,56.62,50.0,0.0,56.86,60.1,56.86,0.0,55.34,56.86,17.51,56.86,59.33
PT-TT-SNI-DSC-35-2-6782_m0322,52.63,52.63,47.85,49.74,52.07,37.31,1.98,48.84,23.03,52.63,0.0,49.74,52.63,17.33,52.63,53.57
PT-TT-SNI-DSC-35-2-6796_m0337,52.27,52.27,47.19,50.0,52.51,38.01,0.0,52.57,25.77,52.27,0.0,44.72,52.27,21.95,52.27,51.43
PT-TT-SNI-DSC-35-2-6856_m0389,48.31,48.31,25.32,18.98,48.76,38.24,0.0,50.72,40.19,48.31,0.0,45.85,48.31,21.15,46.15,55.1
PT-TT-SNI-DSC-35-2-6858_m0391,48.35,48.35,39.58,35.42,47.31,35.85,0.0,46.67,30.09,48.35,0.0,33.33,48.35,20.37,55.67,47.06
PT-TT-SNI-DSC-35-2-6904_m0438,16.98,16.98,9.2,11.9,17.65,18.97,4.21,14.81,18.52,16.98,0.0,19.3,16.98,5.94,16.81,16.67
PT-TT-SNI-DSC-35-2-6935_m0469,66.46,66.46,65.0,64.22,65.82,62.82,0.0,65.83,64.22,66.46,0.0,61.34,66.46,39.76,66.46,66.25
PT-TT-SNI-DSC-35-2-6935_m0470,57.55,57.55,60.29,53.24,56.12,54.29,0.0,58.16,45.8,57.55,0.0,48.06,57.55,34.78,57.55,54.68
PT-TT-SNI-DSC-35-2-6966_m0501,53.38,53.38,48.95,23.68,57.43,55.44,0.0,59.11,41.75,53.38,0.0,50.68,53.38,24.67,55.1,53.38
PT-TT-SNI-DSC-35-2-7053_m0590,48.92,48.92,45.21,42.67,50.75,49.28,0.0,48.23,20.0,48.92,0.0,37.58,48.92,26.03,44.29,46.98
PT-TT-SNI-DSC-35-2-7078_m0616,43.86,43.86,41.82,40.35,43.33,33.93,0.0,47.86,14.95,43.86,0.0,40.0,43.86,15.65,43.86,39.32
PT-TT-SNI-DSC-35-2-7169_m0700,21.77,21.77,23.47,27.34,23.36,25.6,0.0,21.31,19.83,21.77,0.0,22.22,21.77,21.83,21.77,17.95
PT-TT-SNI-DSC-35-2-7178_m0709,35.71,35.71,33.94,34.25,35.09,38.22,0.0,35.93,15.5,35.71,0.0,38.46,35.71,16.06,35.71,39.69
PT-TT-SNI-DSC-35-3-703_m0458,45.16,45.16,34.48,24.32,39.08,32.18,0.0,43.96,29.79,45.16,0.0,44.68,45.16,10.75,41.86,37.89
PT-TT-SNI-DSC-35-3-726_m0480,44.94,44.94,60.22,59.34,46.94,31.75,26.67,40.0,40.0,44.94,0.0,39.58,44.94,5.63,42.11,34.88
PT-TT-SNI-DSC-35-4-2431_m0200,50.49,50.49,52.43,40.0,51.43,50.0,0.0,50.0,35.64,50.49,0.0,48.98,50.49,18.18,50.94,52.83
PT-TT-SNI-DSC-35-4-2565_m0285,65.15,65.15,71.54,59.13,69.29,63.87,0.0,64.12,62.99,65.15,0.0,59.68,65.15,14.29,65.15,72.0
PT-TT-SNI-DSC-35-4-2803_m0513,25.0,25.0,25.35,23.68,17.95,44.66,47.27,25.0,43.81,25.0,0.0,11.9,25.0,18.33,52.73,44.44
PT-TT-SNI-DSC-35-4-2868_m0563,68.09,68.09,69.01,57.75,69.01,65.28,40.85,68.09,53.24,68.09,0.0,55.17,68.09,36.49,71.43,69.01
PT-TT-SNI-DSC-35-4-2896_m0582,63.81,63.81,64.42,64.42,62.5,51.96,34.15,58.1,54.73,63.81,0.0,52.48,63.81,24.55,63.77,65.07
PT-TT-SNI-DSC-35-4-3089_m0737,15.69,15.69,14.74,9.09,15.69,17.7,0.0,15.84,13.79,15.69,0.0,17.65,15.69,5.45,17.65,14.29
PT-TT-SNI-DSC-35-4-3165_m0812,65.87,65.87,66.14,50.39,65.34,59.02,38.68,60.32,45.38,65.87,0.0,55.06,65.87,32.31,65.87,65.34
PT-TT-SNI-DSC-35-4-3858_m0904,35.82,35.82,39.39,36.36,37.14,38.1,25.81,33.33,20.59,35.82,0.0,32.79,35.82,29.41,40.68,43.33
PT-TT-SNI-DSC-35-4-3926_m0972,62.07,62.07,63.95,58.06,66.27,56.83,46.41,61.27,34.25,62.07,0.0,51.37,62.07,30.94,58.76,65.12
PT-TT-SNI-DSC-35-5-4347_m0076,72.06,72.06,62.68,69.17,69.31,59.15,0.0,68.13,40.14,72.06,0.0,66.41,72.06,3.48,75.0,69.09
PT-TT-SNI-DSC-35-5-4347_m0077,71.15,71.15,72.55,63.46,70.48,64.76,0.0,66.67,51.85,71.15,0.0,63.46,71.15,18.0,66.67,70.48
PT-TT-SNI-DSC-35-5-4581_m0288,53.33,53.33,11.11,0.0,57.52,51.22,0.0,60.0,58.9,53.33,0.0,55.78,53.33,16.67,52.7,57.75
PT-TT-SNI-DSC-35-5-4666_m0370,58.44,58.44,51.66,40.0,59.86,56.05,0.0,55.48,53.9,58.44,0.0,54.09,58.44,15.95,61.04,59.6
PT-TT-SNI-DSC-35-5-4683_m0384,52.38,52.38,50.6,35.14,43.59,37.78,0.0,42.35,36.59,52.38,0.0,52.27,52.38,18.18,47.73,51.22
PT-TT-SNI-DSC-35-5-4685_m0386,41.48,41.48,39.44,39.69,37.14,37.41,0.0,40.29,34.04,41.48,0.0,38.85,41.48,9.09,39.72,43.08
PT-TT-SNI-DSC-35-5-4772_m0468,59.7,59.7,62.69,45.9,61.54,44.78,0.0,59.7,45.16,59.7,0.0,59.46,59.7,12.5,59.74,60.53
PT-TT-SNI-DSC-35-5-4852_m0542,22.56,22.56,12.02,8.0,31.29,49.21,0.0,19.77,58.15,22.56,0.0,38.29,22.56,7.08,30.99,57.68
PT-TT-SNI-DSC-35-5-4904_m0592,58.59,58.59,59.18,51.06,52.08,36.52,0.0,54.55,41.74,58.59,0.0,40.0,58.59,3.7,56.86,50.88
PT-TT-SNI-DSC-35-5-4969_m0656,32.43,32.43,35.82,23.19,38.64,25.88,0.0,32.43,29.63,32.43,0.0,22.22,32.43,4.21,56.41,45.0
PT-TT-SNI-DSC-35-5-4995_m0682,45.57,45.57,37.97,29.33,45.0,32.99,0.0,40.51,20.0,45.57,0.0,30.38,45.57,5.71,40.96,48.84
PT-TT-SNI-DSC-35-5-5102_m0773,50.72,50.72,51.85,52.63,49.64,52.55,0.0,49.28,47.69,50.72,0.0,46.04,50.72,23.13,50.72,54.14
PT-TT-SNI-DSC-35-5-5260_m0915,40.0,40.0,38.3,32.32,39.13,30.11,0.0,37.36,27.4,40.0,0.0,29.63,40.0,9.64,38.3,30.19
PT-TT-SNI-DSC-35-5-5355_m0977,49.04,49.04,49.3,45.37,51.71,39.05,0.0,48.08,39.02,49.04,0.0,48.7,49.04,9.85,50.0,48.62
PT-TT-SNI-DSC-35-5-5413_m1037,46.75,46.75,38.89,27.59,42.67,35.44,30.14,37.5,33.33,46.75,0.0,43.24,46.75,27.03,36.36,43.04
PT-TT-SNI-DSC-35-5-5413_m1038,47.37,47.37,33.8,22.22,40.51,46.15,13.11,41.56,11.11,47.37,0.0,26.67,47.37,10.96,34.57,32.1
PT-TT-SNI-DSC-35-5-5438_m1087,40.58,40.58,33.9,25.0,35.62,39.44,0.0,42.86,38.1,40.58,0.0,38.24,40.58,22.22,34.29,32.88
PT-TT-SNI-DSC-35-5-5438_m1088,34.21,34.21,28.12,21.82,26.83,32.88,0.0,31.17,35.09,34.21,0.0,31.75,34.21,2.67,17.39,32.0
PT-TT-SNI-DSC-35-5-5520_m1222,15.09,15.09,21.62,26.67,36.14,43.68,0.0,11.11,44.78,15.09,0.0,40.0,15.09,6.06,47.83,41.38
PT-TT-SNI-DSC-35-5-5520_m1223,38.2,38.2,40.48,41.3,36.56,34.0,0.0,40.0,28.24,38.2,0.0,38.2,38.2,4.26,37.97,32.97
PT-TT-SNI-DSC-35-5-5523_m1228,36.59,36.59,24.69,14.81,37.04,34.15,0.0,36.59,37.04,36.59,0.0,29.27,36.59,8.33,35.71,37.65
PT-TT-SNI-DSC-35-5-5523_m1229,35.56,35.56,30.0,25.88,33.33,32.99,0.0,31.58,20.45,35.56,0.0,31.71,35.56,13.33,35.44,28.89
PT-TT-SNI-DSC-35-5-5574_m1318,38.98,38.98,39.66,18.18,41.32,38.98,0.0,40.32,36.36,38.98,0.0,37.4,38.98,23.42,40.0,40.35
PT-TT-SNI-DSC-35-5-5574_m1319,39.06,39.06,33.87,35.11,42.52,28.8,0.0,37.21,29.13,39.06,0.0,38.26,39.06,4.12,40.94,34.71
PT-TT-SNI-DSC-35-5-5587_m1344,32.69,32.69,27.4,12.7,33.33,27.72,6.06,28.85,23.66,32.69,0.0,38.0,32.69,14.29,35.79,27.45
PT-TT-SNI-DSC-35-5-5587_m1345,45.54,45.54,36.89,30.38,35.64,34.34,0.0,38.83,27.66,45.54,0.0,29.41,45.54,16.49,36.89,34.62
PT-TT-SNI-DSC-35-5-5612_m1394,25.26,25.26,14.12,13.89,24.18,31.03,22.99,23.66,22.45,25.26,0.0,33.03,25.26,25.53,25.0,25.24
PT-TT-SNI-DSC-35-5-5612_m1395,31.3,31.3,27.59,19.15,33.06,29.36,20.83,34.43,20.2,31.3,0.0,32.08,31.3,2.02,32.2,28.57
PT-TT-SNI-DSC-35-5-5640_m1445,32.69,32.69,17.98,9.64,40.38,47.46,21.67,35.85,44.86,32.69,0.0,54.24,32.69,22.4,39.29,47.46
PT-TT-SNI-DSC-35-5-5640_m1446,47.86,47.86,51.61,50.0,52.63,35.66,2.17,45.38,27.64,47.86,0.0,39.1,47.86,6.5,50.88,41.22
PT-TT-SNI-DSC-35-5-5667_m1495,27.37,27.37,12.82,11.36,27.66,46.15,0.0,29.17,55.46,27.37,0.0,51.49,27.37,17.74,32.08,46.96
PT-TT-SNI-DSC-35-5-5745_m1577,63.46,63.46,53.2,36.14,66.33,58.82,37.08,59.62,64.62,63.46,0.0,60.61,63.46,37.86,60.78,66.33
PT-TT-SNI-DSC-35-5-6193_m1988,52.43,52.43,48.6,44.23,45.87,39.13,3.57,44.86,40.86,52.43,0.0,38.83,52.43,25.0,50.0,43.64
PT-TT-SNI-DSC-35-5-6231_m2030,21.28,21.28,21.05,19.35,19.23,38.78,8.16,17.02,40.58,21.28,0.0,0.0,21.28,24.62,15.69,21.05
PT-TT-SNI-DSC-35-5-6279_m2076,26.97,26.97,30.56,29.73,29.63,26.67,20.9,22.22,20.9,26.97,0.0,22.86,26.97,11.11,25.97,24.39
PT-TT-SNI-DSC-35-5-6298_m2094,28.57,28.57,31.82,28.57,25.97,26.83,12.7,30.38,10.34,28.57,0.0,18.18,28.57,5.71,28.26,20.69
PT-TT-SNI-DSC-35-5-6300_m2096,35.62,35.62,24.24,23.33,30.56,25.53,8.82,33.33,20.59,35.62,0.0,17.54,35.62,3.08,35.82,33.85
PT-TT-SNI-DSC-35-5-6397_m2182,57.47,57.47,54.35,55.74,61.73,52.51,17.11,57.47,54.88,57.47,0.0,53.16,57.47,24.28,57.47,59.09
PT-TT-SNI-DSC-35-5-6452_m2215,50.0,50.0,57.39,52.8,54.7,38.1,19.64,50.91,49.15,50.0,0.0,50.0,50.0,23.33,50.0,49.15
PT-TT-SNI-DSC-35-6-8717_m0026,57.14,57.14,56.34,53.02,57.8,57.8,55.4,58.77,48.15,57.14,0.0,53.52,57.14,37.38,57.14,60.0
PT-TT-SNI-DSC-35-6-8717_m0027,67.72,67.72,65.08,66.13,58.82,58.73,61.67,66.14,51.67,67.72,0.0,62.5,67.72,44.12,65.55,57.85
PT-TT-SNI-DSC-35-6-8794_m0134,47.37,47.37,50.0,23.7,40.91,29.31,40.0,43.42,34.85,47.37,0.0,44.14,47.37,23.01,46.67,40.88
PT-TT-SNI-DSC-35-6-8794_m0135,33.33,33.33,40.6,38.24,32.0,41.67,14.14,33.33,9.17,33.33,0.0,38.1,33.33,13.33,41.96,45.26
PT-TT-SNI-DSC-35-6-8809_m0152,63.08,63.08,58.27,53.79,61.65,52.05,50.77,62.5,51.61,63.08,0.0,50.75,63.08,30.3,63.08,60.29
PT-TT-SNI-DSC-35-6-8843_m0190,56.47,56.47,53.41,55.49,54.17,61.0,60.52,56.47,51.87,56.47,0.0,49.08,56.47,38.87,56.47,54.23
PT-TT-SNI-DSC-35-6-8843_m0191,62.5,62.5,66.67,62.96,62.5,64.22,66.06,66.07,49.52,62.5,0.0,60.38,62.5,37.84,62.5,62.96
PT-TT-SNI-DSC-35-6-8886_m0246,66.43,66.43,69.04,65.48,66.43,61.48,66.2,66.43,49.82,66.43,0.0,66.91,66.43,45.67,66.43,68.82
PT-TT-SNI-DSC-35-6-8886_m0247,66.2,66.2,62.77,60.69,65.25,64.23,63.45,64.34,51.39,66.2,0.0,59.57,66.2,44.59,63.38,67.14
PT-TT-SNI-DSC-35-6-8908_m0277,68.13,68.13,62.22,58.62,66.67,62.7,62.64,68.13,48.09,68.13,0.0,62.79,68.13,46.15,68.13,67.03
PT-TT-SNI-DSC-35-6-8933_m0314,73.31,73.31,69.75,71.65,71.2,71.38,64.42,73.08,54.83,73.31,0.0,68.77,73.31,47.2,73.31,68.17
PT-TT-SNI-DSC-35-6-8933_m0315,65.48,65.48,66.67,67.07,65.87,59.76,64.24,65.48,49.1,65.48,0.0,62.5,65.48,41.42,67.07,64.29
PT-TT-SNI-DSC-35-6-8969_m0357,65.74,65.74,66.22,66.44,65.74,62.12,61.95,65.99,50.0,65.74,0.0,62.76,65.74,37.09,65.74,65.99
PT-TT-SNI-DSC-35-6-8969_m0358,50.0,50.0,48.89,45.65,51.69,47.73,46.15,54.55,41.98,50.0,0.0,51.61,50.0,27.59,51.11,49.46
PT-TT-SNI-DSC-35-6-9038_m0442,61.54,61.54,57.69,57.69,64.15,49.06,54.55,59.26,46.51,61.54,0.0,48.89,61.54,24.49,57.69,64.0
PT-TT-SNI-DSC-35-6-9101_m0487,73.19,73.19,72.56,71.07,72.96,67.49,65.19,72.15,58.9,73.19,0.0,67.72,73.19,47.65,73.19,72.15
PT-TT-SNI-DSC-35-6-9101_m0488,73.08,73.08,70.19,69.57,73.68,73.08,67.94,71.09,57.14,73.08,0.0,68.72,73.08,50.25,73.08,64.19
PT-TT-SNI-DSC-35-6-9105_m0492,59.02,59.02,60.71,60.71,61.02,52.46,61.02,56.67,47.46,59.02,0.0,61.02,59.02,22.95,63.16,58.62
PT-TT-SNI-DSC-35-6-9105_m0493,68.59,68.59,66.27,65.69,68.59,62.97,60.61,68.81,37.06,68.59,0.0,67.75,68.59,20.35,68.59,68.79
PT-TT-SNI-DSC-35-6-9105_m0494,67.85,67.85,67.59,67.33,67.85,65.75,43.82,67.06,50.09,67.85,0.0,67.06,67.85,21.49,67.85,68.11
PT-TT-SNI-DSC-35-6-9105_m0495,69.82,69.82,68.73,68.97,69.82,66.91,46.29,71.51,56.54,69.82,0.0,67.04,69.82,20.7,69.82,69.22
PT-TT-SNI-DSC-35-6-9131_m0536,62.09,62.09,63.04,61.65,62.32,64.75,56.09,60.43,52.48,62.09,0.0,60.14,62.09,40.82,62.09,62.09
PT-TT-SNI-DSC-35-6-9140_m0549,60.22,60.22,63.08,62.5,60.97,62.5,54.75,60.22,43.75,60.22,0.0,54.89,60.22,42.7,60.22,59.04
PT-TT-SNI-DSC-35-6-9140_m0550,54.84,54.84,52.46,51.61,54.55,58.18,47.46,52.46,44.07,54.84,0.0,38.46,54.84,32.26,43.75,53.97
PT-TT-SNI-DSC-35-6-9275_m0721,64.29,64.29,58.62,59.26,69.09,65.45,61.82,67.86,50.91,64.29,0.0,54.9,64.29,44.44,60.71,66.67
PT-TT-SNI-DSC-35-6-9284_m0740,61.29,61.29,52.63,56.14,59.02,52.46,60.0,59.02,49.18,61.29,0.0,51.61,61.29,38.6,58.06,64.52
PT-TT-SNI-DSC-35-6-9373_m0757,48.0,48.0,45.45,43.48,52.0,47.06,48.0,44.0,37.74,48.0,0.0,41.67,48.0,32.65,44.44,52.17
PT-TT-SNI-DSC-35-7-7260_m0002,22.86,22.86,21.26,20.62,22.47,21.43,0.0,23.86,10.07,22.86,0.0,19.78,22.86,17.28,22.86,23.71
PT-TT-SNI-DSC-35-7-7266_m0008,34.09,34.09,27.85,16.44,41.76,33.33,0.0,42.86,15.05,34.09,0.0,33.33,34.09,16.47,41.98,30.56
PT-TT-SNI-DSC-35-7-7275_m0017,58.72,58.72,52.97,45.63,57.66,55.4,12.33,60.71,35.24,58.72,0.0,54.11,58.72,35.92,58.72,56.59
PT-TT-SNI-DSC-35-7-7291_m0032,51.11,51.11,46.49,43.43,46.74,49.12,0.0,54.14,36.96,51.11,0.0,47.51,51.11,37.5,51.11,50.29
PT-TT-SNI-DSC-35-7-7300_m0041,70.39,70.39,66.67,65.15,68.67,61.69,11.76,69.93,53.42,70.39,0.0,63.84,70.39,43.37,70.39,67.55
PT-TT-SNI-DSC-35-7-7300_m0042,81.82,81.82,73.17,72.73,77.27,45.45,0.0,86.36,34.78,81.82,0.0,66.67,81.82,25.93,39.02,83.72
PT-TT-SNI-DSC-35-7-7310_m0052,48.35,48.35,48.65,47.18,48.04,42.16,0.0,50.55,25.15,48.35,0.0,50.57,48.35,28.29,48.65,47.57
PT-TT-SNI-DSC-35-7-7327_m0069,50.96,50.96,52.83,38.62,49.67,52.7,6.12,56.96,35.37,50.96,0.0,47.48,50.96,37.91,55.03,51.03
PT-TT-SNI-DSC-35-7-7402_m0146,45.36,45.36,40.38,17.39,42.37,44.66,2.9,54.55,31.86,45.36,0.0,45.71,45.36,32.69,43.81,38.53
PT-TT-SNI-DSC-35-7-7476_m0227,51.9,51.9,50.63,49.06,47.85,42.38,2.13,50.63,20.8,51.9,0.0,44.59,51.9,27.21,52.98,50.31
PT-TT-SNI-DSC-35-7-7498_m0248,19.25,19.25,28.94,31.65,23.79,17.68,1.35,17.89,19.9,19.25,0.0,27.17,19.25,19.21,29.6,30.52
PT-TT-SNI-DSC-35-7-7520_m0266,35.79,35.79,35.64,31.91,42.86,25.32,0.0,35.79,13.16,35.79,0.0,33.73,35.79,3.57,35.79,27.91
PT-TT-SNI-DSC-35-7-7549_m0289,49.62,49.62,48.15,40.15,51.09,50.76,18.02,54.41,36.84,49.62,0.0,44.69,49.62,29.01,47.14,49.26
PT-TT-SNI-DSC-35-7-7549_m0290,52.05,52.05,48.1,40.0,60.76,53.16,25.45,54.79,37.84,52.05,0.0,61.54,52.05,32.43,51.95,49.35
PT-TT-SNI-DSC-35-7-7694_m0398,50.0,50.0,23.81,17.91,57.39,47.06,35.96,47.62,53.06,50.0,0.0,44.64,50.0,27.66,55.86,59.62
PT-TT-SNI-DSC-35-7-7726_m0433,74.46,74.46,73.75,73.01,74.77,72.62,50.93,74.77,62.35,74.46,0.0,69.97,74.46,40.23,74.46,74.77
PT-TT-SNI-DSC-35-7-7792_m0494,64.97,64.97,65.33,63.49,65.98,64.21,62.5,63.96,58.33,64.97,0.0,57.43,64.97,38.97,64.97,60.82
PT-TT-SNI-DSC-35-7-7818_m0518,53.5,53.5,52.87,50.91,57.14,57.99,53.09,54.55,54.12,53.5,0.0,52.57,53.5,26.97,57.83,61.18
PT-TT-SNI-DSC-35-7-7843_m0543,62.8,62.8,62.8,57.94,61.84,61.31,57.14,62.8,50.47,62.8,0.0,59.9,62.8,33.02,62.8,60.29
PT-TT-SNI-DSC-35-7-7872_m0573,56.25,56.25,54.55,49.23,53.97,49.12,42.11,62.5,33.33,56.25,0.0,37.93,56.25,40.0,55.38,47.06
PT-TT-SNI-DSC-35-7-7968_m0665,63.78,63.78,63.28,62.79,63.32,57.59,60.16,64.31,61.48,63.78,0.0,63.32,63.78,43.02,63.78,60.0
PT-TT-SNI-DSC-35-7-7968_m0666,68.09,68.09,71.91,65.91,65.93,62.79,68.24,68.13,61.73,68.09,0.0,60.87,68.09,35.29,68.82,75.61
PT-TT-SNI-DSC-35-7-8032_m0720,55.42,55.42,50.55,49.44,52.38,49.38,52.38,55.42,44.71,55.42,0.0,42.22,55.42,20.45,55.42,46.15
PT-TT-SNI-DSC-35-7-8102_m0784,60.44,60.44,60.22,58.06,58.43,56.18,53.76,60.0,47.13,60.44,0.0,55.43,60.44,40.84,60.44,58.96
PT-TT-SNI-DSC-35-7-8105_m0787,65.13,65.13,64.21,63.0,66.67,60.9,63.67,64.37,57.25,65.13,0.0,64.12,65.13,45.16,65.13,60.52
PT-TT-SNI-DSC-35-7-8150_m0825,60.16,60.16,57.6,55.0,61.79,62.71,59.02,59.02,53.97,60.16,0.0,58.06,60.16,36.07,56.91,53.54
PT-TT-SNI-DSC-35-7-8197_m0866,65.12,65.12,65.67,53.99,66.92,61.24,53.79,65.13,65.35,65.12,0.0,68.2,65.12,40.71,63.6,62.64
PT-TT-SNI-DSC-35-7-8197_m0867,40.0,40.0,37.5,32.65,47.06,43.9,35.09,38.46,41.51,40.0,0.0,30.77,40.0,22.95,44.9,44.0
PT-TT-SNI-DSC-35-7-8252_m0900,49.09,49.09,44.0,38.66,49.09,54.72,48.6,49.54,38.53,49.09,0.0,47.27,49.09,16.22,50.0,50.94
PT-TT-SNI-DSC-35-7-8268_m0914,56.92,56.92,56.7,55.47,56.25,53.01,52.21,56.25,49.61,56.92,0.0,49.41,56.92,31.3,56.92,56.37
PT-TT-SNI-DSC-35-7-8341_m0976,54.32,54.32,47.27,49.41,54.22,41.77,17.57,52.12,19.12,54.32,0.0,45.71,54.32,31.95,54.32,49.14
PT-TT-SNI-DSC-35-7-8360_m0998,15.91,15.91,23.0,21.97,11.76,15.61,6.5,15.12,15.29,15.91,0.0,19.32,15.91,5.48,15.91,14.38
PT-TT-SNI-DSC-35-7-8361_m0999,49.25,49.25,46.67,41.35,50.0,43.12,8.7,47.52,31.0,49.25,0.0,43.43,49.25,28.32,49.25,45.41
PT-TT-SNI-DSC-35-7-8361_m1000,52.27,52.27,42.86,47.19,54.35,21.05,25.35,53.33,21.33,52.27,0.0,43.04,52.27,19.57,55.42,51.69
PT-TT-SNI-DSC-35-7-8405_m1048,44.94,44.94,48.62,46.67,46.43,41.46,38.89,44.69,28.57,44.94,0.0,43.18,44.94,27.59,44.19,42.29
PT-TT-SNI-DSC-35-7-8409_m1052,48.98,48.98,48.78,47.44,47.29,46.7,29.27,53.12,35.43,48.98,0.0,47.92,48.98,31.75,48.98,52.22
PT-TT-SNI-DSC-35-7-8480_m1121,53.25,53.25,51.11,48.91,55.62,43.93,32.14,54.44,29.11,53.25,0.0,47.67,53.25,26.59,53.25,52.81
PT-TT-SNI-DSC-35-7-8510_m1158,33.93,33.93,39.11,35.81,40.0,38.36,31.41,37.5,31.79,33.93,0.0,39.81,33.93,23.36,33.93,40.54
PT-TT-SNI-DSC-35-7-8518_m1169,35.36,35.36,39.34,37.29,37.78,25.19,9.6,38.25,5.36,35.36,0.0,34.78,35.36,21.28,35.36,41.34
PT-TT-SNI-DSC-35-7-8658_m1303,61.94,61.94,64.15,61.6,64.39,57.79,55.34,60.97,57.48,61.94,0.0,62.07,61.94,45.76,62.55,59.77
PT-TT-SNI-DSC-35-7-8658_m1304,52.05,52.05,50.67,48.48,51.35,47.89,42.86,52.78,41.18,52.05,0.0,50.0,52.05,30.56,48.65,47.06
PT-TT-SNI-DSC-35-7-8658_m1305,71.05,71.05,69.8,74.13,74.48,73.97,69.86,70.59,67.13,71.05,0.0,73.24,71.05,49.28,76.06,71.14
PT-TT-SNI-DSC-35-7-8687_m1338,55.05,55.05,52.83,47.71,52.73,56.64,46.81,53.7,41.18,55.05,0.0,43.56,55.05,25.21,50.94,50.0
PT-TT-SNI-DSC-35-8-231_m0084,56.74,56.74,60.13,63.58,59.31,47.5,5.19,56.74,46.62,56.74,0.0,52.41,56.74,9.88,56.34,55.78
PT-TT-SNI-DSC-35-8-270_m0112,42.42,42.42,46.51,47.62,47.76,44.44,0.0,43.08,35.48,42.42,0.0,45.95,42.42,10.99,53.33,42.86
PT-TT-SNI-DSC-35-8-4007_m0214,48.0,48.0,47.06,32.94,54.55,42.86,29.73,50.0,29.33,48.0,0.0,35.29,48.0,22.54,50.75,50.6
PT-TT-SNI-DSC-35-8-4012_m0219,74.02,74.02,72.44,65.08,72.31,58.65,52.71,73.44,51.2,74.02,0.0,60.66,74.02,25.9,74.02,73.6
PT-TT-SNI-DSC-35-8-4013_m0220,63.24,63.24,63.16,60.74,62.77,59.7,46.72,59.7,45.93,63.24,0.0,54.4,63.24,19.72,63.24,63.16
PT-TT-SNI-DSC-35-8-4115_m0294,40.51,40.51,42.86,29.27,43.59,28.57,0.0,45.57,13.7,40.51,0.0,34.21,40.51,5.71,46.15,40.0
PT-TT-SNI-DSC-35-8-4124_m0303,64.57,64.57,65.45,60.91,64.0,54.46,0.0,58.04,43.12,64.57,0.0,54.71,64.57,13.7,64.57,61.4
PT-TT-SNI-DSC-35-8-4201_m0374,47.76,47.76,48.0,42.67,44.16,32.1,0.0,48.48,26.32,47.76,0.0,29.85,47.76,10.13,34.88,36.14
PT-TT-SNI-DSC-35-8-4202_m0375,38.1,38.1,36.84,27.03,45.98,33.33,0.0,34.15,36.14,38.1,0.0,37.21,38.1,10.67,47.5,47.73
PT-TT-SNI-DSC-35-8-4203_m0376,48.57,48.57,51.35,38.1,55.26,50.67,0.0,48.57,29.33,48.57,0.0,42.67,48.57,8.11,53.33,53.52
PT-TT-SNI-DSC-35-8-4228_m0405,50.98,50.98,43.4,30.0,47.52,46.3,0.0,46.6,47.73,50.98,0.0,42.7,50.98,24.07,44.86,53.06
PT-TT-SNI-DSC-35-8-4229_m0406,46.79,46.79,46.09,26.38,54.61,56.63,0.0,45.86,60.58,46.79,0.0,56.83,46.79,15.75,50.54,58.66
PT-TT-SNI-DSC-35-8-9303_m0451,64.44,64.44,63.5,61.03,63.97,56.32,48.61,63.7,52.96,64.44,0.0,60.22,64.44,33.68,64.44,59.29
PT-TT-SNI-DSC-35-8-9303_m0452,53.49,53.49,51.85,51.16,55.81,50.6,50.0,52.87,33.77,53.49,0.0,41.67,53.49,38.64,53.49,53.66
PT-TT-SNI-DSC-35-8-9320_m0475,42.62,42.62,36.36,40.0,42.62,39.39,48.28,41.94,35.71,42.62,0.0,29.85,42.62,7.02,40.62,37.68
PT-TT-SNI-DSC-9-84_m0123,60.75,60.75,48.42,40.0,62.86,58.77,9.02,54.79,0.0,60.75,0.0,62.04,60.75,31.43,56.07,68.9
PT-TT-SNI-DGE-1-1068_m0001,0.0,0.0,0.0,0.0,0.0,9.68,8.7,0.0,0.0,0.0,0.0,0.0,0.0,0.0,0.0,10.13
PT-TT-SNI-DGE-1-1068_m0003,18.18,18.18,26.32,27.03,13.79,9.52,0.0,16.22,5.56,18.18,0.0,11.11,18.18,3.39,20.69,12.77
PT-TT-SNI-DGE-1-1549_m0001,2.86,2.86,0.0,0.0,2.15,0.0,0.0,2.94,4.49,2.86,0.0,3.64,2.86,0.0,3.17,4.0
PT-TT-SNI-DGE-1-1549_m0008,48.98,48.98,22.22,6.06,64.29,53.85,0.0,48.98,52.63,48.98,0.0,68.97,48.98,52.94,40.0,58.06
PT-TT-SNI-DGE-1-2057_m0001,9.38,9.38,7.55,13.33,12.7,2.9,7.02,12.5,13.56,9.38,0.0,6.67,9.38,18.18,6.67,0.0
PT-TT-SNI-DGE-1-2057_m0002,45.45,45.45,22.22,21.05,45.45,16.67,40.0,36.36,46.15,45.45,0.0,33.33,45.45,7.41,57.14,32.0
PT-TT-SNI-DGE-1-2862_m0002,10.13,10.13,17.5,30.0,21.21,10.31,0.0,5.13,26.67,10.13,0.0,18.18,10.13,3.03,28.57,19.18
PT-TT-SNI-DGE-1-3764_m0012,15.0,15.0,33.33,14.71,26.92,15.0,0.0,15.38,22.64,15.0,0.0,13.95,15.0,0.0,22.22,36.0
PT-TT-SNI-DGE-1-4370_m0001,0.0,0.0,0.0,0.0,0.0,0.0,0.0,0.0,0.0,0.0,0.0,0.0,0.0,0.0,0.0,0.0
PT-TT-SNI-DGE-1-4370_m0004,0.0,0.0,18.6,8.0,0.0,2.6,3.28,0.0,6.78,0.0,0.0,5.26,0.0,0.0,0.0,9.68
PT-TT-SNI-DGE-1-4605_m0006,13.79,13.79,0.0,3.77,10.0,18.82,14.29,13.79,11.32,13.79,0.0,13.33,13.79,14.12,23.19,31.11
PT-TT-SNI-DGE-1-4653_m0002,20.0,20.0,0.0,0.0,16.67,17.91,21.43,20.41,22.58,20.0,0.0,21.43,20.0,11.54,27.27,34.92
PT-TT-SNI-DGE-1-4998_m0008,19.05,19.05,20.0,17.86,19.35,12.5,0.0,15.38,0.0,19.05,0.0,21.05,19.05,0.0,0.0,10.53
PT-TT-SNI-DGE-1-5107_m0001,0.0,0.0,0.0,0.0,0.0,0.0,0.0,0.0,0.0,0.0,0.0,0.0,0.0,0.0,0.0,0.0
PT-TT-SNI-DGE-1-5527_m0001,55.56,55.56,57.14,58.82,50.0,47.37,26.09,55.56,45.45,55.56,0.0,51.43,55.56,17.02,62.07,40.91
PT-TT-SNI-DGE-1-5964_m0007,12.0,12.0,14.04,13.11,12.7,8.45,0.0,11.76,0.0,12.0,0.0,10.26,12.0,0.0,0.0,3.57
PT-TT-SNI-DGE-1-601-A_m0003,22.22,22.22,25.0,25.0,22.22,50.0,0.0,22.22,0.0,22.22,0.0,14.29,22.22,11.76,0.0,17.39
PT-TT-SNI-DGE-1-601-A_m0020,34.48,34.48,38.46,32.0,43.48,11.54,7.41,33.33,0.0,34.48,0.0,0.0,34.48,8.0,27.78,18.52
PT-TT-SNI-DGE-1-6109_m0001,10.26,10.26,0.0,5.88,5.41,6.56,0.0,10.53,0.0,10.26,0.0,26.32,10.26,9.38,14.29,37.5
PT-TT-SNI-DGE-1-618_m0001,10.81,10.81,0.0,0.0,19.35,30.51,0.0,5.56,0.0,10.81,0.0,33.33,10.81,11.94,41.38,46.43
PT-TT-SNI-DGE-1-6745_m0014,0.0,0.0,0.0,0.0,0.0,54.55,35.29,0.0,0.0,0.0,0.0,48.0,0.0,38.3,32.26,56.25
PT-TT-SNI-DGE-1-7208_m0014,66.67,66.67,61.9,70.27,64.86,52.38,53.66,66.67,31.58,66.67,0.0,52.38,66.67,21.74,63.16,54.55
PT-TT-SNI-DGE-1-7251_m0002,5.48,5.48,20.0,12.7,3.03,11.43,6.45,2.94,7.27,5.48,0.0,11.59,5.48,5.71,5.41,7.79
PT-TT-SNI-DGE-1-742_m0001,17.39,17.39,19.61,18.75,10.34,12.7,0.0,18.18,22.64,17.39,0.0,7.55,17.39,9.84,16.39,30.51
PT-TT-SNI-DGE-1-7968_m0001,0.0,0.0,0.0,7.14,0.0,15.69,0.0,0.0,21.43,0.0,0.0,29.63,0.0,15.79,8.0,30.77
PT-TT-SNI-DGE-1-7968_m0007,7.69,7.69,0.0,0.0,11.11,23.26,30.77,0.0,5.88,7.69,0.0,18.18,7.69,24.39,12.9,25.64
PT-TT-SNI-DGE-1-8273_m0001,0.0,0.0,0.0,0.0,0.0,0.0,0.0,0.0,0.0,0.0,0.0,0.0,0.0,0.0,0.0,0.0
PT-TT-SNI-DGE-1-8273_m0002,6.45,6.45,0.0,0.0,31.58,60.0,68.0,6.45,60.0,6.45,0.0,46.81,6.45,44.0,44.44,43.48
PT-TT-SNI-DGE-1-8678_m0006,0.0,0.0,0.0,0.0,0.0,0.0,0.0,0.0,0.0,0.0,0.0,0.0,0.0,0.0,0.0,0.0
PT-TT-SNI-DGE-1-8692_m0006,45.45,45.45,32.26,33.33,45.45,40.0,0.0,45.45,38.46,45.45,0.0,15.38,45.45,31.25,0.0,57.14
PT-TT-SNI-DSC-35-1-1623A_m0105,28.57,28.57,30.3,22.22,29.41,28.57,21.43,27.78,26.67,28.57,0.0,30.77,28.57,7.14,34.48,30.77
PT-TT-SNI-DSC-35-1-1623_m0104,58.54,58.54,63.16,60.0,54.55,53.66,57.89,60.0,57.89,58.54,0.0,54.55,58.54,11.11,64.86,53.66
PT-TT-SNI-DSC-35-1-1649_m0131,61.11,61.11,64.71,62.5,68.75,54.55,43.75,61.11,43.75,61.11,0.0,50.0,61.11,18.75,68.75,57.14
PT-TT-SNI-DSC-35-1-1703_m0185,63.16,63.16,61.54,59.46,70.27,42.11,41.03,63.16,57.89,63.16,0.0,66.67,63.16,31.58,73.68,66.67
PT-TT-SNI-DSC-35-1-1804_m0284,65.12,65.12,55.32,59.09,60.47,42.42,40.0,57.78,41.18,65.12,0.0,57.89,65.12,18.75,50.0,56.41
PT-TT-SNI-DSC-35-1-1950_m0436,73.33,73.33,64.41,75.41,68.85,55.38,0.0,70.0,67.8,73.33,0.0,66.67,73.33,19.67,73.02,67.65
PT-TT-SNI-DSC-35-1-1955_m0441,61.84,61.84,64.11,61.2,63.74,52.46,0.0,58.95,62.05,61.84,0.0,55.25,61.84,16.62,62.05,61.88
PT-TT-SNI-DSC-35-1-1955_m0442,55.32,55.32,57.14,56.52,51.16,43.48,0.0,55.32,57.78,55.32,0.0,40.74,55.32,12.77,50.0,54.17
PT-TT-SNI-DSC-35-1-1985_m0471,70.49,70.49,58.72,59.65,71.07,50.0,0.0,69.42,63.33,70.49,0.0,54.24,70.49,10.0,67.72,67.77
PT-TT-SNI-DSC-35-1-2039_m0525,2.42,2.42,0.0,0.0,0.0,39.62,0.0,2.44,54.84,2.42,0.0,1.12,2.42,9.68,23.35,28.57
PT-TT-SNI-DSC-35-1-2043_m0529,76.6,76.6,67.92,58.18,68.18,57.78,0.0,72.34,53.06,76.6,0.0,60.47,76.6,20.51,73.91,60.87
PT-TT-SNI-DSC-35-1-2076_m0565,66.67,66.67,60.61,60.61,77.42,62.5,0.0,57.14,56.25,66.67,0.0,66.67,66.67,44.44,66.67,70.97
PT-TT-SNI-DSC-35-1-2082_m0571,49.06,49.06,36.07,18.52,48.39,52.31,29.63,42.31,55.56,49.06,0.0,41.27,49.06,25.0,43.08,50.7
PT-TT-SNI-DSC-35-1-2086_m0575,56.41,56.41,12.82,21.78,51.24,55.38,0.0,49.15,61.19,56.41,0.0,56.3,56.41,16.18,63.08,69.17
PT-TT-SNI-DSC-35-3-1052_m0799,22.22,22.22,0.0,0.0,10.53,48.28,0.0,10.53,54.55,22.22,0.0,0.0,22.22,0.0,51.85,36.36
PT-TT-SNI-DSC-35-3-113_m0041,59.17,59.17,57.62,56.4,57.49,51.66,0.0,52.78,38.88,59.17,0.0,46.92,59.17,8.53,59.17,56.39
PT-TT-SNI-DSC-35-3-1260_m0995,63.64,63.64,64.66,57.14,63.64,58.21,0.0,65.65,53.44,63.64,0.0,66.17,63.64,28.79,63.64,63.16
PT-TT-SNI-DSC-35-3-1278_m1012,70.21,70.21,71.11,71.74,72.16,60.42,42.11,72.34,56.31,70.21,0.0,56.84,70.21,36.56,64.71,64.52
PT-TT-SNI-DSC-35-3-1280_m1014,69.23,69.23,62.82,58.39,58.23,58.23,16.77,62.89,49.69,69.23,0.0,60.12,69.23,22.49,67.08,66.67
PT-TT-SNI-DSC-35-3-1337B_m1071,0.0,0.0,0.0,0.0,0.0,53.47,52.08,0.0,61.7,0.0,0.0,0.0,0.0,26.17,6.67,9.52
PT-TT-SNI-DSC-35-3-133_m0060,37.99,37.99,14.49,13.24,34.64,44.02,0.0,38.25,49.75,37.99,0.0,46.23,37.99,18.78,52.0,56.86
PT-TT-SNI-DSC-35-3-1361_m1095,75.0,75.0,53.85,40.0,64.29,30.3,0.0,66.67,52.17,75.0,0.0,53.33,75.0,0.0,48.0,60.0
PT-TT-SNI-DSC-35-3-1381_m1115,48.39,48.39,33.33,13.64,48.39,55.56,37.14,41.94,52.46,48.39,0.0,53.52,48.39,22.86,62.34,54.55
PT-TT-SNI-DSC-35-3-1382_m1116,49.32,49.32,34.48,36.36,52.05,40.51,30.99,45.33,47.37,49.32,0.0,57.53,49.32,18.42,51.28,54.05
PT-TT-SNI-DSC-35-3-1387_m1121,41.98,41.98,14.81,14.04,51.11,46.94,51.11,32.1,47.83,41.98,0.0,47.31,41.98,22.47,61.18,28.89
PT-TT-SNI-DSC-35-3-1412_m1144,38.53,38.53,23.66,5.19,34.15,40.94,0.0,34.55,46.55,38.53,0.0,42.2,38.53,10.34,40.35,40.0
PT-TT-SNI-DSC-35-3-1412_m1145,68.09,68.09,67.47,64.37,68.97,40.43,0.0,67.37,48.89,68.09,0.0,63.74,68.09,34.88,70.83,67.37
PT-TT-SNI-DSC-35-3-1432_m1163,22.22,22.22,0.0,0.0,33.33,35.9,11.11,11.11,40.0,22.22,0.0,64.0,22.22,0.0,43.48,29.63
PT-TT-SNI-DSC-35-3-166_m0087,82.22,82.22,80.46,70.21,82.35,65.88,0.0,77.78,58.14,82.22,0.0,59.77,82.22,15.05,83.15,84.44
PT-TT-SNI-DSC-35-3-399_m0168,69.92,69.92,70.31,67.2,69.42,45.31,0.0,64.52,59.2,69.92,0.0,68.7,69.92,23.21,73.17,71.54
PT-TT-SNI-DSC-35-3-463_m0231,58.54,58.54,61.9,60.47,58.54,46.15,0.0,70.0,46.15,58.54,0.0,58.54,58.54,18.6,55.0,59.09
PT-TT-SNI-DSC-35-3-572_m0329,72.0,72.0,66.67,43.48,64.0,66.67,0.0,72.0,58.33,72.0,0.0,72.0,72.0,46.15,52.17,72.0
PT-TT-SNI-DSC-35-3-578_m0335,59.06,59.06,61.49,54.36,62.42,51.32,21.09,58.5,43.79,59.06,0.0,57.14,59.06,29.97,60.2,60.87
PT-TT-SNI-DSC-35-3-590_m0346,57.14,57.14,40.0,31.58,59.26,35.71,0.0,57.14,41.67,57.14,0.0,47.62,57.14,40.0,53.85,47.62
PT-TT-SNI-DSC-35-3-591_m0347,68.89,68.89,67.03,72.51,69.61,53.63,24.1,70.79,50.56,68.89,0.0,58.62,68.89,11.24,68.89,72.51
PT-TT-SNI-DSC-35-3-591_m0348,60.0,60.0,66.67,57.14,60.0,50.0,26.67,70.0,43.48,60.0,0.0,47.62,60.0,10.0,35.29,45.45
PT-TT-SNI-DSC-35-3-605_m0362,58.33,58.33,46.15,60.87,56.0,48.0,40.0,58.33,50.0,58.33,0.0,52.17,58.33,43.48,50.0,61.54
PT-TT-SNI-DSC-35-3-607_m0364,57.14,57.14,28.57,52.63,57.14,40.0,12.5,57.14,58.82,57.14,0.0,54.55,57.14,16.67,16.67,57.14
PT-TT-SNI-DSC-35-3-616_m0373,60.0,60.0,65.73,63.83,60.43,58.33,0.0,57.14,43.94,60.0,0.0,51.47,60.0,13.11,60.43,62.59
PT-TT-SNI-DSC-35-3-667_m0421,71.83,71.83,73.38,68.46,71.01,57.36,19.23,70.42,36.8,71.83,0.0,63.83,71.83,26.47,71.83,71.53
PT-TT-SNI-DSC-35-3-731_m0485,30.77,30.77,6.78,13.33,14.71,23.68,0.0,33.77,35.71,30.77,0.0,40.0,30.77,15.58,39.02,46.15
PT-TT-SNI-DSC-35-3-80_m0011,8.0,8.0,6.8,6.99,8.0,6.58,0.0,6.62,6.62,8.0,0.0,9.33,8.0,8.86,6.67,6.94
PT-TT-SNI-DSC-35-3-869_m0625,28.57,28.57,0.0,0.0,7.41,41.86,53.06,28.57,48.98,28.57,0.0,40.0,28.57,10.71,45.45,51.06
PT-TT-SNI-DSC-35-3-882_m0636,52.17,52.17,12.5,9.09,40.0,60.87,25.0,50.0,45.45,52.17,0.0,27.27,52.17,20.0,43.48,36.36
PT-TT-SNI-DSC-35-3-920_m0668,64.29,64.29,21.05,44.44,59.26,66.67,0.0,64.29,40.0,64.29,0.0,48.0,64.29,20.0,57.14,51.61
PT-TT-SNI-DSC-35-3-969_m0715,75.0,75.0,40.0,41.67,77.42,83.87,80.0,77.42,73.33,75.0,0.0,80.0,75.0,25.0,56.52,78.79
PT-TT-SNI-DSC-35-3-988_m0733,0.0,0.0,0.0,0.0,4.35,30.23,26.83,0.0,46.34,0.0,0.0,18.87,0.0,18.18,48.72,47.37
PT-TT-SNI-DSC-35-8-273_m0115,84.44,84.44,92.68,78.05,92.68,66.67,0.0,78.26,60.0,84.44,0.0,71.11,84.44,37.5,95.0,81.82
PT-TT-SNI-DSC-35-8-278_m0120,64.29,64.29,66.67,63.41,63.53,61.86,0.0,61.18,55.67,64.29,0.0,62.79,64.29,27.27,64.29,69.14
